equipo,hdd_uso,hdd_inestabilidad,hdd_tasa_cambio,unidades_hdd,registros_hdd,hdd_uso_score,hdd_inestabilidad_score,hdd_tasa_cambio_score,score_final,explicacion,recomendaciones,categoria,posicion
139,7.423322598635616,0.0015813407102856585,5.9633185216484375,"['A:', 'C:', 'avg', 'E:', 'D:']",40,99.0,100.0,98.0,99.19999999999999,**Uso HDD Excelente (99.0pts)**: El disco está siendo utilizado eficientemente al 7.4%. | **Estabilidad HDD Excelente (100.0pts)**: El uso del disco es muy estable. | **Cambios HDD Predecibles (98.0pts)**: Los cambios en el uso del disco son muy predecibles.,Mantener estándares actuales de rendimiento,Excelente,1
173,8.016534419763838,0.00432164231807849,3.0958288442018733,"['H:', 'G:', 'C:', 'avg', 'E:', 'D:', 'I:']",56,98.0,93.0,99.0,96.2,**Uso HDD Excelente (98.0pts)**: El disco está siendo utilizado eficientemente al 8.0%. | **Estabilidad HDD Excelente (93.0pts)**: El uso del disco es muy estable. | **Cambios HDD Predecibles (99.0pts)**: Los cambios en el uso del disco son muy predecibles.,Mantener estándares actuales de rendimiento,Excelente,2
97,12.570255548643866,0.00260532496168641,12.877514558565371,"['H:', 'G:', 'C:', 'avg', 'E:', 'D:', 'F:']",56,94.0,98.0,85.0,93.80000000000001,**Uso HDD Excelente (94.0pts)**: El disco está siendo utilizado eficientemente al 12.6%. | **Estabilidad HDD Excelente (98.0pts)**: El uso del disco es muy estable. | **Cambios HDD Predecibles (85.0pts)**: Los cambios en el uso del disco son muy predecibles.,Mantener estándares actuales de rendimiento,Excelente,3
190,8.298563701388026,0.0033138116033070326,23.628592751913477,"['G:', 'C:', 'avg', 'E:', 'D:']",40,97.0,96.0,78.0,92.80000000000001,**Uso HDD Excelente (97.0pts)**: El disco está siendo utilizado eficientemente al 8.3%. | **Estabilidad HDD Excelente (96.0pts)**: El uso del disco es muy estable. | **Cambios HDD Estables (78.0pts)**: Los cambios en el uso del disco son relativamente estables.,Mantener estándares actuales de rendimiento,Excelente,4
6,22.29778403220803,0.004093159379430054,11.410829637846863,"['G:', 'C:', 'avg', 'E:', 'D:']",40,86.0,94.0,89.0,89.8,**Uso HDD Excelente (86.0pts)**: El disco está siendo utilizado eficientemente al 22.3%. | **Estabilidad HDD Excelente (94.0pts)**: El uso del disco es muy estable. | **Cambios HDD Predecibles (89.0pts)**: Los cambios en el uso del disco son muy predecibles.,Mantener estándares actuales de rendimiento,Muy Bueno,5
163,26.1178451609441,0.003392810196104845,11.17958760935763,"['G:', 'C:', 'avg', 'E:', 'D:', 'F:']",48,80.0,95.0,90.0,88.0,**Uso HDD Excelente (80.0pts)**: El disco está siendo utilizado eficientemente al 26.1%. | **Estabilidad HDD Excelente (95.0pts)**: El uso del disco es muy estable. | **Cambios HDD Predecibles (90.0pts)**: Los cambios en el uso del disco son muy predecibles.,Mantener estándares actuales de rendimiento,Muy Bueno,6
189,8.701498276279542,0.005628007929993383,34.5619948567296,"['C:', 'avg', 'E:', 'D:', 'F:']",40,96.0,88.0,70.0,87.60000000000001,**Uso HDD Excelente (96.0pts)**: El disco está siendo utilizado eficientemente al 8.7%. | **Estabilidad HDD Excelente (88.0pts)**: El uso del disco es muy estable. | **Cambios HDD Estables (70.0pts)**: Los cambios en el uso del disco son relativamente estables.,Mantener estándares actuales de rendimiento,Muy Bueno,7
186,28.354744093302894,0.0032342272959766617,24.9595341565746,"['G:', 'C:', 'avg', 'E:', 'D:']",40,75.0,97.0,77.0,84.20000000000002,**Uso HDD Bueno (75.0pts)**: El uso del 28.4% es aceptable. | **Estabilidad HDD Excelente (97.0pts)**: El uso del disco es muy estable. | **Cambios HDD Estables (77.0pts)**: Los cambios en el uso del disco son relativamente estables.,Mantener estándares actuales de rendimiento,Muy Bueno,8
11,37.86317788450977,0.0022595080078100143,2.6504541913410273,"['G:', 'C:', 'avg', 'E:', 'D:']",40,60.0,99.0,100.0,83.6,**Uso HDD Bueno (60.0pts)**: El uso del 37.9% es aceptable. | **Estabilidad HDD Excelente (99.0pts)**: El uso del disco es muy estable. | **Cambios HDD Predecibles (100.0pts)**: Los cambios en el uso del disco son muy predecibles.,Mantener estándares actuales de rendimiento,Muy Bueno,9
168,19.507892159551186,0.0075629210608459735,33.94175923351124,"['C:', 'E:', 'D:', 'avg']",32,87.0,83.0,71.0,82.2,**Uso HDD Excelente (87.0pts)**: El disco está siendo utilizado eficientemente al 19.5%. | **Estabilidad HDD Excelente (83.0pts)**: El uso del disco es muy estable. | **Cambios HDD Estables (71.0pts)**: Los cambios en el uso del disco son relativamente estables.,Mantener estándares actuales de rendimiento,Muy Bueno,10
140,33.327895297485775,0.004640776993457916,11.79264383032239,"['G:', 'C:', 'avg', 'E:', 'D:', 'F:']",48,67.0,92.0,87.0,81.00000000000001,**Uso HDD Bueno (67.0pts)**: El uso del 33.3% es aceptable. | **Estabilidad HDD Excelente (92.0pts)**: El uso del disco es muy estable. | **Cambios HDD Predecibles (87.0pts)**: Los cambios en el uso del disco son muy predecibles.,Mantener estándares actuales de rendimiento,Muy Bueno,11
167,30.874697394874982,0.004871517572609156,23.384068367034907,"['H:', 'C:', 'avg', 'E:', 'D:']",40,72.0,91.0,79.0,81.0,**Uso HDD Bueno (72.0pts)**: El uso del 30.9% es aceptable. | **Estabilidad HDD Excelente (91.0pts)**: El uso del disco es muy estable. | **Cambios HDD Estables (79.0pts)**: Los cambios en el uso del disco son relativamente estables.,Mantener estándares actuales de rendimiento,Muy Bueno,12
185,32.464212441453164,0.008320026368589457,6.083886798923513,"['G:', 'C:', 'avg', 'E:', 'D:']",40,69.0,81.0,97.0,79.4,**Uso HDD Bueno (69.0pts)**: El uso del 32.5% es aceptable. | **Estabilidad HDD Excelente (81.0pts)**: El uso del disco es muy estable. | **Cambios HDD Predecibles (97.0pts)**: Los cambios en el uso del disco son muy predecibles.,Mantener estándares actuales de rendimiento,Muy Bueno,13
37,19.33181557205615,0.011645357550024668,52.77259288889093,"['G:', 'C:', 'avg', 'E:', 'D:']",40,88.0,77.0,62.0,78.4,**Uso HDD Excelente (88.0pts)**: El disco está siendo utilizado eficientemente al 19.3%. | **Estabilidad HDD Buena (77.0pts)**: El uso del disco es relativamente estable. | **Cambios HDD Estables (62.0pts)**: Los cambios en el uso del disco son relativamente estables.,Mantener estándares actuales de rendimiento,Muy Bueno,14
169,29.354865245335667,0.017286965262516527,7.374532817770997,"['C:', 'E:', 'D:', 'avg']",32,74.0,73.0,95.0,77.80000000000001,**Uso HDD Bueno (74.0pts)**: El uso del 29.4% es aceptable. | **Estabilidad HDD Buena (73.0pts)**: El uso del disco es relativamente estable. | **Cambios HDD Predecibles (95.0pts)**: Los cambios en el uso del disco son muy predecibles.,Mantener estándares actuales de rendimiento,Muy Bueno,15
164,31.969011514649573,0.005353898977543935,41.19004845275945,"['C:', 'avg', 'E:', 'D:', 'F:']",40,71.0,89.0,68.0,77.6,**Uso HDD Bueno (71.0pts)**: El uso del 32.0% es aceptable. | **Estabilidad HDD Excelente (89.0pts)**: El uso del disco es muy estable. | **Cambios HDD Estables (68.0pts)**: Los cambios en el uso del disco son relativamente estables.,Mantener estándares actuales de rendimiento,Muy Bueno,16
187,32.429606353469595,0.010740314055883491,20.87447672523503,"['G:', 'C:', 'avg', 'E:', 'D:']",40,70.0,79.0,81.0,75.8,**Uso HDD Bueno (70.0pts)**: El uso del 32.4% es aceptable. | **Estabilidad HDD Buena (79.0pts)**: El uso del disco es relativamente estable. | **Cambios HDD Predecibles (81.0pts)**: Los cambios en el uso del disco son muy predecibles.,Mantener estándares actuales de rendimiento,Muy Bueno,17
7,41.263178416882226,0.00519478587134198,11.697722303972363,"['G:', 'C:', 'avg', 'E:', 'D:']",40,53.0,90.0,88.0,74.80000000000001,**Uso HDD Regular (53.0pts)**: El uso del 41.3% sugiere que el disco podría estar sobrecargado. | **Estabilidad HDD Excelente (90.0pts)**: El uso del disco es muy estable. | **Cambios HDD Predecibles (88.0pts)**: Los cambios en el uso del disco son muy predecibles.,Mantener estándares actuales de rendimiento,Bueno,18
9,37.719354191892975,0.011151401897718977,8.929778140942522,"['G:', 'C:', 'avg', 'E:', 'D:']",40,61.0,78.0,93.0,74.20000000000002,**Uso HDD Bueno (61.0pts)**: El uso del 37.7% es aceptable. | **Estabilidad HDD Buena (78.0pts)**: El uso del disco es relativamente estable. | **Cambios HDD Predecibles (93.0pts)**: Los cambios en el uso del disco son muy predecibles.,Mantener estándares actuales de rendimiento,Bueno,19
68,36.76191208514736,0.012020885042042564,10.343866268787561,"['G:', 'C:', 'avg', 'E:', 'D:']",40,64.0,76.0,91.0,74.2,**Uso HDD Bueno (64.0pts)**: El uso del 36.8% es aceptable. | **Estabilidad HDD Buena (76.0pts)**: El uso del disco es relativamente estable. | **Cambios HDD Predecibles (91.0pts)**: Los cambios en el uso del disco son muy predecibles.,Mantener estándares actuales de rendimiento,Bueno,20
14,38.64475142780702,0.006833093691122308,13.842473707600371,"['G:', 'C:', 'avg', 'E:', 'D:']",40,58.0,84.0,84.0,73.60000000000001,**Uso HDD Regular (58.0pts)**: El uso del 38.6% sugiere que el disco podría estar sobrecargado. | **Estabilidad HDD Excelente (84.0pts)**: El uso del disco es muy estable. | **Cambios HDD Predecibles (84.0pts)**: Los cambios en el uso del disco son muy predecibles.,Mantener estándares actuales de rendimiento,Bueno,21
13,39.48963059075119,0.00633578558893533,12.633057335971888,"['G:', 'C:', 'avg', 'E:', 'D:']",40,56.0,85.0,86.0,73.60000000000001,**Uso HDD Regular (56.0pts)**: El uso del 39.5% sugiere que el disco podría estar sobrecargado. | **Estabilidad HDD Excelente (85.0pts)**: El uso del disco es muy estable. | **Cambios HDD Predecibles (86.0pts)**: Los cambios en el uso del disco son muy predecibles.,Mantener estándares actuales de rendimiento,Bueno,22
67,37.185593515633265,0.009609697218590108,25.286378561089133,"['G:', 'C:', 'avg', 'E:', 'D:']",40,62.0,80.0,76.0,72.0,**Uso HDD Bueno (62.0pts)**: El uso del 37.2% es aceptable. | **Estabilidad HDD Excelente (80.0pts)**: El uso del disco es muy estable. | **Cambios HDD Estables (76.0pts)**: Los cambios en el uso del disco son relativamente estables.,Mantener estándares actuales de rendimiento,Bueno,23
33,24.438599835495268,0.02689107611585745,64.26400792972805,"['C:', 'E:', 'D:', 'avg']",32,84.0,66.0,58.0,71.6,**Uso HDD Excelente (84.0pts)**: El disco está siendo utilizado eficientemente al 24.4%. | **Estabilidad HDD Buena (66.0pts)**: El uso del disco es relativamente estable. | **Cambios HDD Variables (58.0pts)**: Los cambios en el uso del disco son impredecibles.,Mantener estándares actuales de rendimiento,Bueno,24
12,40.303225184060125,0.007998806030863323,14.92356601816698,"['G:', 'C:', 'avg', 'E:', 'D:']",40,55.0,82.0,83.0,71.4,**Uso HDD Regular (55.0pts)**: El uso del 40.3% sugiere que el disco podría estar sobrecargado. | **Estabilidad HDD Excelente (82.0pts)**: El uso del disco es muy estable. | **Cambios HDD Predecibles (83.0pts)**: Los cambios en el uso del disco son muy predecibles.,Mantener estándares actuales de rendimiento,Bueno,25
1604,42.616835838095184,0.006301948144698273,23.017321269200753,"['C:', 'E:', 'D:', 'avg']",32,52.0,86.0,80.0,71.2,**Uso HDD Regular (52.0pts)**: El uso del 42.6% sugiere que el disco podría estar sobrecargado. | **Estabilidad HDD Excelente (86.0pts)**: El uso del disco es muy estable. | **Cambios HDD Predecibles (80.0pts)**: Los cambios en el uso del disco son muy predecibles.,Mantener estándares actuales de rendimiento,Bueno,26
34,12.754423074753626,0.02168608346005964,461.4221967869154,"['C:', 'E:', 'D:', 'avg']",32,93.0,71.0,28.0,71.2,**Uso HDD Excelente (93.0pts)**: El disco está siendo utilizado eficientemente al 12.8%. | **Estabilidad HDD Buena (71.0pts)**: El uso del disco es relativamente estable. | **Cambios HDD Caóticos (28.0pts)**: Los cambios en el uso del disco son muy impredecibles.,Mantener estándares actuales de rendimiento,Bueno,27
69,36.303371579386294,0.012150626726296777,28.70477213576934,"['G:', 'C:', 'avg', 'E:', 'D:']",40,65.0,75.0,74.0,70.8,**Uso HDD Bueno (65.0pts)**: El uso del 36.3% es aceptable. | **Estabilidad HDD Buena (75.0pts)**: El uso del disco es relativamente estable. | **Cambios HDD Estables (74.0pts)**: Los cambios en el uso del disco son relativamente estables.,Mantener estándares actuales de rendimiento,Bueno,28
137,25.73811542626825,0.025932821836006953,71.22822937669793,"['C:', 'E:', 'D:', 'avg']",32,82.0,67.0,55.0,70.60000000000001,**Uso HDD Excelente (82.0pts)**: El disco está siendo utilizado eficientemente al 25.7%. | **Estabilidad HDD Buena (67.0pts)**: El uso del disco es relativamente estable. | **Cambios HDD Variables (55.0pts)**: Los cambios en el uso del disco son impredecibles.,Mantener estándares actuales de rendimiento,Bueno,29
66,36.807280551072026,0.013538032596632063,33.354055645066026,"['G:', 'C:', 'avg', 'E:', 'D:']",40,63.0,74.0,72.0,69.2,**Uso HDD Bueno (63.0pts)**: El uso del 36.8% es aceptable. | **Estabilidad HDD Buena (74.0pts)**: El uso del disco es relativamente estable. | **Cambios HDD Estables (72.0pts)**: Los cambios en el uso del disco son relativamente estables.,Mantener estándares actuales de rendimiento,Bueno,30
1609,4.759229682956624,0.030693510039266125,461.48230892825785,"['C:', 'E:', 'D:', 'avg']",32,100.0,59.0,27.0,69.0,**Uso HDD Excelente (100.0pts)**: El disco está siendo utilizado eficientemente al 4.8%. | **Estabilidad HDD Regular (59.0pts)**: El uso del disco muestra variabilidad que puede afectar el rendimiento. | **Cambios HDD Caóticos (27.0pts)**: Los cambios en el uso del disco son muy impredecibles.,Mantener estándares actuales de rendimiento,Bueno,31
134,26.705933034065573,0.028471245372145678,92.34128543426368,"['C:', 'E:', 'D:', 'avg']",32,79.0,65.0,46.0,66.8,**Uso HDD Bueno (79.0pts)**: El uso del 26.7% es aceptable. | **Estabilidad HDD Buena (65.0pts)**: El uso del disco es relativamente estable. | **Cambios HDD Variables (46.0pts)**: Los cambios en el uso del disco son impredecibles.,Mantener estándares actuales de rendimiento,Bueno,32
1634,18.39782456214016,0.03817719352682654,263.48661055668083,"['H:', 'J:', 'G:', 'C:', 'L:', 'avg', 'E:', 'I:', 'F:', 'K:']",80,90.0,55.0,36.0,65.2,**Uso HDD Excelente (90.0pts)**: El disco está siendo utilizado eficientemente al 18.4%. | **Estabilidad HDD Regular (55.0pts)**: El uso del disco muestra variabilidad que puede afectar el rendimiento. | **Cambios HDD Caóticos (36.0pts)**: Los cambios en el uso del disco son muy impredecibles.,Mantener estándares actuales de rendimiento,Bueno,33
36,27.74711716468625,0.028585879627260675,93.66142930422521,"['C:', 'E:', 'D:', 'avg']",32,76.0,64.0,44.99999999999999,65.0,**Uso HDD Bueno (76.0pts)**: El uso del 27.7% es aceptable. | **Estabilidad HDD Buena (64.0pts)**: El uso del disco es relativamente estable. | **Cambios HDD Variables (45.0pts)**: Los cambios en el uso del disco son impredecibles.,Mantener estándares actuales de rendimiento,Bueno,34
38,39.05330508936668,0.02571028281942807,50.68989079746167,"['C:', 'avg', 'E:', 'D:', 'F:']",40,57.0,68.0,63.0,62.6,**Uso HDD Regular (57.0pts)**: El uso del 39.1% sugiere que el disco podría estar sobrecargado. | **Estabilidad HDD Buena (68.0pts)**: El uso del disco es relativamente estable. | **Cambios HDD Estables (63.0pts)**: Los cambios en el uso del disco son relativamente estables.,Mantener estándares actuales de rendimiento,Bueno,35
1614,13.227511585049202,0.05216566889926607,563.0997937107986,"['Z:', 'C:', 'avg']",24,92.0,51.0,26.0,62.400000000000006,**Uso HDD Excelente (92.0pts)**: El disco está siendo utilizado eficientemente al 13.2%. | **Estabilidad HDD Regular (51.0pts)**: El uso del disco muestra variabilidad que puede afectar el rendimiento. | **Cambios HDD Caóticos (26.0pts)**: Los cambios en el uso del disco son muy impredecibles.,Mantener estándares actuales de rendimiento,Bueno,36
1601,25.73779649637831,0.2635899707983499,46.237485088248455,"['C:', 'E:', 'D:', 'avg']",32,83.0,39.0,67.0,62.2,"**Uso HDD Excelente (83.0pts)**: El disco está siendo utilizado eficientemente al 25.7%. | **Estabilidad HDD Crítica (39.0pts)**: El uso del disco es muy inestable, requiriendo atención inmediata. | **Cambios HDD Estables (67.0pts)**: Los cambios en el uso del disco son relativamente estables.",Mantener estándares actuales de rendimiento,Bueno,37
1608,12.479906016977209,0.21090401755891452,384.6137471740785,"['C:', 'E:', 'D:', 'avg']",32,95.0,41.0,31.0,60.60000000000001,**Uso HDD Excelente (95.0pts)**: El disco está siendo utilizado eficientemente al 12.5%. | **Estabilidad HDD Regular (41.0pts)**: El uso del disco muestra variabilidad que puede afectar el rendimiento. | **Cambios HDD Caóticos (31.0pts)**: Los cambios en el uso del disco son muy impredecibles.,Mantener estándares actuales de rendimiento,Bueno,38
15,54.31412847092478,0.00600473994455771,6.760014173427794,"['G:', 'C:', 'avg', 'E:', 'D:']",40,13.0,87.0,96.0,59.20000000000001,**Uso HDD Crítico (13.0pts)**: El uso del 54.3% indica problemas graves de espacio en disco. | **Estabilidad HDD Excelente (87.0pts)**: El uso del disco es muy estable. | **Cambios HDD Predecibles (96.0pts)**: Los cambios en el uso del disco son muy predecibles.,Mantener estándares actuales de rendimiento,Bueno,39
171,13.50251243278677,0.17518348027314967,722.8845424676089,"['C:', 'E:', 'D:', 'avg']",32,91.0,42.00000000000001,24.0,58.0,**Uso HDD Excelente (91.0pts)**: El disco está siendo utilizado eficientemente al 13.5%. | **Estabilidad HDD Regular (42.0pts)**: El uso del disco muestra variabilidad que puede afectar el rendimiento. | **Cambios HDD Caóticos (24.0pts)**: Los cambios en el uso del disco son muy impredecibles.,Mantener estándares actuales de rendimiento,Bueno,40
8,40.47312447861137,0.048033602817394834,46.60733067492788,"['G:', 'C:', 'avg', 'E:', 'D:']",40,54.0,53.0,66.0,56.00000000000001,**Uso HDD Regular (54.0pts)**: El uso del 40.5% sugiere que el disco podría estar sobrecargado. | **Estabilidad HDD Regular (53.0pts)**: El uso del disco muestra variabilidad que puede afectar el rendimiento. | **Cambios HDD Estables (66.0pts)**: Los cambios en el uso del disco son relativamente estables.,Mantener estándares actuales de rendimiento,Bueno,41
166,45.825313781598076,0.0777044313447713,9.057445777333001,"['H:', 'C:', 'avg', 'E:', 'D:']",40,43.99999999999999,48.0,92.0,55.2,**Uso HDD Regular (44.0pts)**: El uso del 45.8% sugiere que el disco podría estar sobrecargado. | **Estabilidad HDD Regular (48.0pts)**: El uso del disco muestra variabilidad que puede afectar el rendimiento. | **Cambios HDD Predecibles (92.0pts)**: Los cambios en el uso del disco son muy predecibles.,Mantener estándares actuales de rendimiento,Bueno,42
183,19.161177995028755,0.7446723210568662,139.8201293040744,"['G:', 'C:', 'avg', 'E:', 'D:']",40,89.0,27.0,42.00000000000001,54.80000000000001,"**Uso HDD Excelente (89.0pts)**: El disco está siendo utilizado eficientemente al 19.2%. | **Estabilidad HDD Crítica (27.0pts)**: El uso del disco es muy inestable, requiriendo atención inmediata. | **Cambios HDD Variables (42.0pts)**: Los cambios en el uso del disco son impredecibles.",Mantener estándares actuales de rendimiento,Bueno,43
63,44.159833949413,0.16833941789165735,17.01970257679419,"['G:', 'C:', 'avg', 'E:', 'D:']",40,50.0,43.00000000000001,82.0,53.60000000000001,**Uso HDD Regular (50.0pts)**: El uso del 44.2% sugiere que el disco podría estar sobrecargado. | **Estabilidad HDD Regular (43.0pts)**: El uso del disco muestra variabilidad que puede afectar el rendimiento. | **Cambios HDD Predecibles (82.0pts)**: Los cambios en el uso del disco son muy predecibles.,Mantener estándares actuales de rendimiento,Bueno,44
1610,44.730539369123015,0.107316056796877,25.896319027777977,"['C:', 'E:', 'D:', 'avg']",32,49.0,47.0,75.0,53.400000000000006,**Uso HDD Regular (49.0pts)**: El uso del 44.7% sugiere que el disco podría estar sobrecargado. | **Estabilidad HDD Regular (47.0pts)**: El uso del disco muestra variabilidad que puede afectar el rendimiento. | **Cambios HDD Estables (75.0pts)**: Los cambios en el uso del disco son relativamente estables.,Mantener estándares actuales de rendimiento,Bueno,45
93,50.76233963245647,0.02228749803461591,49.661103116858946,"['C:', 'E:', 'D:', 'avg']",32,29.0,70.0,64.0,52.400000000000006,**Uso HDD Crítico (29.0pts)**: El uso del 50.8% indica problemas graves de espacio en disco. | **Estabilidad HDD Buena (70.0pts)**: El uso del disco es relativamente estable. | **Cambios HDD Estables (64.0pts)**: Los cambios en el uso del disco son relativamente estables.,Mantener estándares actuales de rendimiento,Bueno,46
172,51.972272108904455,0.017532683485205484,30.19853856026755,"['H:', 'C:', 'avg', 'E:', 'D:', 'F:']",48,22.0,72.0,73.0,52.2,**Uso HDD Crítico (22.0pts)**: El uso del 52.0% indica problemas graves de espacio en disco. | **Estabilidad HDD Buena (72.0pts)**: El uso del disco es relativamente estable. | **Cambios HDD Estables (73.0pts)**: Los cambios en el uso del disco son relativamente estables.,Mantener estándares actuales de rendimiento,Bueno,47
165,22.423556609012316,0.7849172554857683,202.21334085803923,"['G:', 'C:', 'avg', 'E:', 'D:']",40,85.0,25.0,40.0,52.0,"**Uso HDD Excelente (85.0pts)**: El disco está siendo utilizado eficientemente al 22.4%. | **Estabilidad HDD Crítica (25.0pts)**: El uso del disco es muy inestable, requiriendo atención inmediata. | **Cambios HDD Variables (40.0pts)**: Los cambios en el uso del disco son impredecibles.",Mantener estándares actuales de rendimiento,Bueno,48
1599,25.909957926741473,0.5949701709788574,247.70001709270483,"['C:', 'E:', 'D:', 'avg']",32,81.0,29.0,38.0,51.6,"**Uso HDD Excelente (81.0pts)**: El disco está siendo utilizado eficientemente al 25.9%. | **Estabilidad HDD Crítica (29.0pts)**: El uso del disco es muy inestable, requiriendo atención inmediata. | **Cambios HDD Caóticos (38.0pts)**: Los cambios en el uso del disco son muy impredecibles.",Mantener estándares actuales de rendimiento,Bueno,49
1597,27.319201544955718,0.3663434090848847,299.00723114439813,"['C:', 'E:', 'D:', 'avg']",32,77.0,34.0,33.0,51.00000000000001,"**Uso HDD Bueno (77.0pts)**: El uso del 27.3% es aceptable. | **Estabilidad HDD Crítica (34.0pts)**: El uso del disco es muy inestable, requiriendo atención inmediata. | **Cambios HDD Caóticos (33.0pts)**: Los cambios en el uso del disco son muy impredecibles.",Mantener estándares actuales de rendimiento,Bueno,50
90,50.08204291167346,0.029396623244228544,57.179914684255536,"['C:', 'E:', 'D:', 'avg']",32,32.0,61.0,60.0,49.2,**Uso HDD Crítico (32.0pts)**: El uso del 50.1% indica problemas graves de espacio en disco. | **Estabilidad HDD Buena (61.0pts)**: El uso del disco es relativamente estable. | **Cambios HDD Estables (60.0pts)**: Los cambios en el uso del disco son relativamente estables.,Mantener estándares actuales de rendimiento,Regular,51
184,38.30123382742896,0.46261375368405544,64.33783097639498,"['G:', 'C:', 'avg', 'E:', 'D:']",40,59.0,33.0,57.0,48.2,"**Uso HDD Regular (59.0pts)**: El uso del 38.3% sugiere que el disco podría estar sobrecargado. | **Estabilidad HDD Crítica (33.0pts)**: El uso del disco es muy inestable, requiriendo atención inmediata. | **Cambios HDD Variables (57.0pts)**: Los cambios en el uso del disco son impredecibles.",Mantener estándares actuales de rendimiento,Regular,52
1600,29.93040528821767,0.6192326540113324,289.7668304239436,"['C:', 'E:', 'D:', 'avg']",32,73.0,28.0,35.0,47.400000000000006,"**Uso HDD Bueno (73.0pts)**: El uso del 29.9% es aceptable. | **Estabilidad HDD Crítica (28.0pts)**: El uso del disco es muy inestable, requiriendo atención inmediata. | **Cambios HDD Caóticos (35.0pts)**: Los cambios en el uso del disco son muy impredecibles.",Mantener estándares actuales de rendimiento,Regular,53
130,45.94226268394862,0.048636810374397,89.12303097738032,"['C:', 'E:', 'D:', 'avg']",32,42.00000000000001,52.0,47.0,47.00000000000001,**Uso HDD Regular (42.0pts)**: El uso del 45.9% sugiere que el disco podría estar sobrecargado. | **Estabilidad HDD Regular (52.0pts)**: El uso del disco muestra variabilidad que puede afectar el rendimiento. | **Cambios HDD Variables (47.0pts)**: Los cambios en el uso del disco son impredecibles.,Mantener estándares actuales de rendimiento,Regular,54
95,51.46798111373548,0.028835731853944335,55.56887849750677,"['C:', 'E:', 'D:', 'avg']",32,25.0,62.0,61.0,47.0,**Uso HDD Crítico (25.0pts)**: El uso del 51.5% indica problemas graves de espacio en disco. | **Estabilidad HDD Buena (62.0pts)**: El uso del disco es relativamente estable. | **Cambios HDD Estables (61.0pts)**: Los cambios en el uso del disco son relativamente estables.,Mantener estándares actuales de rendimiento,Regular,55
32,52.40002111210498,0.024590000757658464,72.51716817316375,"['C:', 'E:', 'D:', 'avg']",32,19.0,69.0,53.0,45.800000000000004,**Uso HDD Crítico (19.0pts)**: El uso del 52.4% indica problemas graves de espacio en disco. | **Estabilidad HDD Buena (69.0pts)**: El uso del disco es relativamente estable. | **Cambios HDD Variables (53.0pts)**: Los cambios en el uso del disco son impredecibles.,Mantener estándares actuales de rendimiento,Regular,56
91,51.47144097633166,0.028814888248985766,75.35552562357111,"['C:', 'E:', 'D:', 'avg']",32,24.0,63.0,52.0,45.2,**Uso HDD Crítico (24.0pts)**: El uso del 51.5% indica problemas graves de espacio en disco. | **Estabilidad HDD Buena (63.0pts)**: El uso del disco es relativamente estable. | **Cambios HDD Variables (52.0pts)**: Los cambios en el uso del disco son impredecibles.,Mantener estándares actuales de rendimiento,Regular,57
1598,27.033775049907263,1.0586820390086022,1671.16085175858,"['I:', 'C:', 'D:', 'avg']",32,78.0,22.0,23.0,44.6,"**Uso HDD Bueno (78.0pts)**: El uso del 27.0% es aceptable. | **Estabilidad HDD Crítica (22.0pts)**: El uso del disco es muy inestable, requiriendo atención inmediata. | **Cambios HDD Caóticos (23.0pts)**: Los cambios en el uso del disco son muy impredecibles.",Mantener estándares actuales de rendimiento,Regular,58
10,52.36102514845735,0.1302465925106729,8.250121320008295,"['G:', 'C:', 'avg', 'E:', 'D:']",40,20.0,43.99999999999999,94.0,44.4,**Uso HDD Crítico (20.0pts)**: El uso del 52.4% indica problemas graves de espacio en disco. | **Estabilidad HDD Regular (44.0pts)**: El uso del disco muestra variabilidad que puede afectar el rendimiento. | **Cambios HDD Predecibles (94.0pts)**: Los cambios en el uso del disco son muy predecibles.,Mantener estándares actuales de rendimiento,Regular,59
94,51.16944406231774,0.06646236091873386,34.56648884814142,"['C:', 'E:', 'D:', 'avg']",32,26.0,49.0,69.0,43.8,**Uso HDD Crítico (26.0pts)**: El uso del 51.2% indica problemas graves de espacio en disco. | **Estabilidad HDD Regular (49.0pts)**: El uso del disco muestra variabilidad que puede afectar el rendimiento. | **Cambios HDD Estables (69.0pts)**: Los cambios en el uso del disco son relativamente estables.,Mantener estándares actuales de rendimiento,Regular,60
89,45.57308613322107,0.22164580274305284,95.81279742973643,"['C:', 'avg', 'E:', 'D:', 'F:']",40,47.0,40.0,43.99999999999999,43.599999999999994,**Uso HDD Regular (47.0pts)**: El uso del 45.6% sugiere que el disco podría estar sobrecargado. | **Estabilidad HDD Regular (40.0pts)**: El uso del disco muestra variabilidad que puede afectar el rendimiento. | **Cambios HDD Variables (44.0pts)**: Los cambios en el uso del disco son impredecibles.,Mantener estándares actuales de rendimiento,Regular,61
132,50.252627827008126,0.03291137034758551,184.7075366867622,"['C:', 'E:', 'D:', 'avg']",32,30.0,57.0,41.0,43.0,**Uso HDD Crítico (30.0pts)**: El uso del 50.3% indica problemas graves de espacio en disco. | **Estabilidad HDD Regular (57.0pts)**: El uso del disco muestra variabilidad que puede afectar el rendimiento. | **Cambios HDD Variables (41.0pts)**: Los cambios en el uso del disco son impredecibles.,Mantener estándares actuales de rendimiento,Regular,62
170,33.25148143891859,1.1562783596356028,411.10260868529565,"['H:', 'C:', 'avg', 'E:', 'D:']",40,68.0,21.0,30.0,41.6,"**Uso HDD Bueno (68.0pts)**: El uso del 33.3% es aceptable. | **Estabilidad HDD Crítica (21.0pts)**: El uso del disco es muy inestable, requiriendo atención inmediata. | **Cambios HDD Caóticos (30.0pts)**: Los cambios en el uso del disco son muy impredecibles.",Mantener estándares actuales de rendimiento,Regular,63
35,52.751983734546705,0.030382377974145544,65.49728355048737,"['C:', 'E:', 'D:', 'avg']",32,16.0,60.0,56.0,41.6,**Uso HDD Crítico (16.0pts)**: El uso del 52.8% indica problemas graves de espacio en disco. | **Estabilidad HDD Buena (60.0pts)**: El uso del disco es relativamente estable. | **Cambios HDD Variables (56.0pts)**: Los cambios en el uso del disco son impredecibles.,Mantener estándares actuales de rendimiento,Regular,64
128,53.331546371417105,0.033318462103254134,46.737431961679825,"['C:', 'E:', 'D:', 'avg']",32,15.0,56.0,65.0,41.400000000000006,**Uso HDD Crítico (15.0pts)**: El uso del 53.3% indica problemas graves de espacio en disco. | **Estabilidad HDD Regular (56.0pts)**: El uso del disco muestra variabilidad que puede afectar el rendimiento. | **Cambios HDD Estables (65.0pts)**: Los cambios en el uso del disco son relativamente estables.,Mantener estándares actuales de rendimiento,Regular,65
64,42.935046986457436,0.36491460148405774,291.564603926162,"['G:', 'C:', 'avg', 'E:', 'D:']",40,51.0,35.0,34.0,41.2,"**Uso HDD Regular (51.0pts)**: El uso del 42.9% sugiere que el disco podría estar sobrecargado. | **Estabilidad HDD Crítica (35.0pts)**: El uso del disco es muy inestable, requiriendo atención inmediata. | **Cambios HDD Caóticos (34.0pts)**: Los cambios en el uso del disco son muy impredecibles.",Mantener estándares actuales de rendimiento,Regular,66
136,51.753125349848965,0.040307839164277076,75.52514406473462,"['C:', 'E:', 'D:', 'avg']",32,23.0,54.0,51.0,41.00000000000001,**Uso HDD Crítico (23.0pts)**: El uso del 51.8% indica problemas graves de espacio en disco. | **Estabilidad HDD Regular (54.0pts)**: El uso del disco muestra variabilidad que puede afectar el rendimiento. | **Cambios HDD Variables (51.0pts)**: Los cambios en el uso del disco son impredecibles.,Mantener estándares actuales de rendimiento,Regular,67
131,51.104774524948,0.06107105446984169,109.8704125812423,"['C:', 'E:', 'D:', 'avg']",32,27.0,50.0,43.00000000000001,39.400000000000006,**Uso HDD Crítico (27.0pts)**: El uso del 51.1% indica problemas graves de espacio en disco. | **Estabilidad HDD Regular (50.0pts)**: El uso del disco muestra variabilidad que puede afectar el rendimiento. | **Cambios HDD Variables (43.0pts)**: Los cambios en el uso del disco son impredecibles.,Mantener estándares actuales de rendimiento,Regular,68
1605,49.56445688970518,0.1178258282452165,323.5301197944535,"['C:', 'E:', 'D:', 'avg']",32,35.0,46.0,32.0,38.800000000000004,**Uso HDD Crítico (35.0pts)**: El uso del 49.6% indica problemas graves de espacio en disco. | **Estabilidad HDD Regular (46.0pts)**: El uso del disco muestra variabilidad que puede afectar el rendimiento. | **Cambios HDD Caóticos (32.0pts)**: Los cambios en el uso del disco son muy impredecibles.,Mantener estándares actuales de rendimiento,Regular,69
92,58.20142978633156,0.031088350530043662,88.11107988861887,"['C:', 'E:', 'D:', 'avg']",32,9.0,58.0,48.0,36.400000000000006,**Uso HDD Crítico (9.0pts)**: El uso del 58.2% indica problemas graves de espacio en disco. | **Estabilidad HDD Regular (58.0pts)**: El uso del disco muestra variabilidad que puede afectar el rendimiento. | **Cambios HDD Variables (48.0pts)**: Los cambios en el uso del disco son impredecibles.,Mantener estándares actuales de rendimiento,Regular,70
1628,36.26475463808659,2.4729218170658225,5561.8987189161135,"['Z:', 'C:', 'avg']",24,66.0,6.0,14.0,31.600000000000005,"**Uso HDD Bueno (66.0pts)**: El uso del 36.3% es aceptable. | **Estabilidad HDD Crítica (6.0pts)**: El uso del disco es muy inestable, requiriendo atención inmediata. | **Cambios HDD Caóticos (14.0pts)**: Los cambios en el uso del disco son muy impredecibles.",Mantener estándares actuales de rendimiento,Regular,71
1603,48.02216800842169,0.4848303608188216,2842.019944135322,"['C:', 'E:', 'D:', 'avg']",32,37.0,32.0,17.0,31.0,"**Uso HDD Crítico (37.0pts)**: El uso del 48.0% indica problemas graves de espacio en disco. | **Estabilidad HDD Crítica (32.0pts)**: El uso del disco es muy inestable, requiriendo atención inmediata. | **Cambios HDD Caóticos (17.0pts)**: Los cambios en el uso del disco son muy impredecibles.",Mantener estándares actuales de rendimiento,Regular,72
96,69.19144282329505,0.1299299842175386,72.3552721994984,"['C:', 'E:', 'D:', 'avg']",32,3.0,44.99999999999999,54.0,29.999999999999996,**Uso HDD Crítico (3.0pts)**: El uso del 69.2% indica problemas graves de espacio en disco. | **Estabilidad HDD Regular (45.0pts)**: El uso del disco muestra variabilidad que puede afectar el rendimiento. | **Cambios HDD Variables (54.0pts)**: Los cambios en el uso del disco son impredecibles.,Mantener estándares actuales de rendimiento,Regular,73
31,58.96958352411349,0.3503354896756088,59.740319577060966,"['C:', 'E:', 'D:', 'avg']",32,8.0,37.0,59.0,29.8,"**Uso HDD Crítico (8.0pts)**: El uso del 59.0% indica problemas graves de espacio en disco. | **Estabilidad HDD Crítica (37.0pts)**: El uso del disco es muy inestable, requiriendo atención inmediata. | **Cambios HDD Variables (59.0pts)**: Los cambios en el uso del disco son impredecibles.",Mantener estándares actuales de rendimiento,Regular,74
135,53.73156063047746,0.2829076098250408,237.2700350233284,"['C:', 'E:', 'D:', 'avg']",32,14.0,38.0,39.0,28.6,"**Uso HDD Crítico (14.0pts)**: El uso del 53.7% indica problemas graves de espacio en disco. | **Estabilidad HDD Crítica (38.0pts)**: El uso del disco es muy inestable, requiriendo atención inmediata. | **Cambios HDD Caóticos (39.0pts)**: Los cambios en el uso del disco son muy impredecibles.",Mantener estándares actuales de rendimiento,Regular,75
1632,45.299168272409474,1.8245869254355715,8976.51990671356,"['Z:', 'C:', 'avg']",24,48.0,17.0,6.0,27.200000000000003,"**Uso HDD Regular (48.0pts)**: El uso del 45.3% sugiere que el disco podría estar sobrecargado. | **Estabilidad HDD Crítica (17.0pts)**: El uso del disco es muy inestable, requiriendo atención inmediata. | **Cambios HDD Caóticos (6.0pts)**: Los cambios en el uso del disco son muy impredecibles.",Mantener estándares actuales de rendimiento,Regular,76
1626,45.84639889755357,1.7146332603751757,7548.301537346858,"['Z:', 'C:', 'avg']",24,43.00000000000001,18.0,11.0,26.6,"**Uso HDD Regular (43.0pts)**: El uso del 45.8% sugiere que el disco podría estar sobrecargado. | **Estabilidad HDD Crítica (18.0pts)**: El uso del disco es muy inestable, requiriendo atención inmediata. | **Cambios HDD Caóticos (11.0pts)**: Los cambios en el uso del disco son muy impredecibles.",Mantener estándares actuales de rendimiento,Regular,77
1629,46.1394493357962,1.8813705160024845,7160.864781554376,"['Z:', 'C:', 'avg']",24,41.0,14.0,13.0,24.600000000000005,"**Uso HDD Regular (41.0pts)**: El uso del 46.1% sugiere que el disco podría estar sobrecargado. | **Estabilidad HDD Crítica (14.0pts)**: El uso del disco es muy inestable, requiriendo atención inmediata. | **Cambios HDD Caóticos (13.0pts)**: Los cambios en el uso del disco son muy impredecibles.",Mantener estándares actuales de rendimiento,Necesita Mejora,78
126,69.15408153758894,0.5487321208489235,78.12310298105086,"['C:', 'E:', 'D:', 'avg']",32,4.0,31.0,50.0,24.0,"**Uso HDD Crítico (4.0pts)**: El uso del 69.2% indica problemas graves de espacio en disco. | **Estabilidad HDD Crítica (31.0pts)**: El uso del disco es muy inestable, requiriendo atención inmediata. | **Cambios HDD Variables (50.0pts)**: Los cambios en el uso del disco son impredecibles.",Mantener estándares actuales de rendimiento,Necesita Mejora,79
1620,45.78698258898017,2.6562760867249344,3787.8837981059805,"['Z:', 'C:', 'avg']",24,44.99999999999999,5.0,15.0,22.999999999999996,"**Uso HDD Regular (45.0pts)**: El uso del 45.8% sugiere que el disco podría estar sobrecargado. | **Estabilidad HDD Crítica (5.0pts)**: El uso del disco es muy inestable, requiriendo atención inmediata. | **Cambios HDD Caóticos (15.0pts)**: Los cambios en el uso del disco son muy impredecibles.",Mantener estándares actuales de rendimiento,Necesita Mejora,80
1615,45.626829369009954,2.4463059490103833,8738.33472221827,"['Z:', 'C:', 'avg']",24,46.0,7.0,7.0,22.6,"**Uso HDD Regular (46.0pts)**: El uso del 45.6% sugiere que el disco podría estar sobrecargado. | **Estabilidad HDD Crítica (7.0pts)**: El uso del disco es muy inestable, requiriendo atención inmediata. | **Cambios HDD Caóticos (7.0pts)**: Los cambios en el uso del disco son muy impredecibles.",Mantener estándares actuales de rendimiento,Necesita Mejora,81
1627,46.9159331700513,2.2902719156387743,2098.1880861419886,"['Z:', 'C:', 'avg']",24,38.0,8.0,18.0,22.000000000000004,"**Uso HDD Crítico (38.0pts)**: El uso del 46.9% indica problemas graves de espacio en disco. | **Estabilidad HDD Crítica (8.0pts)**: El uso del disco es muy inestable, requiriendo atención inmediata. | **Cambios HDD Caóticos (18.0pts)**: Los cambios en el uso del disco son muy impredecibles.",Mantener estándares actuales de rendimiento,Necesita Mejora,82
129,64.20975440002748,0.5793536208386123,247.90481909198948,"['G:', 'C:', 'avg', 'E:', 'D:']",40,6.0,30.0,37.0,21.8,"**Uso HDD Crítico (6.0pts)**: El uso del 64.2% indica problemas graves de espacio en disco. | **Estabilidad HDD Crítica (30.0pts)**: El uso del disco es muy inestable, requiriendo atención inmediata. | **Cambios HDD Caóticos (37.0pts)**: Los cambios en el uso del disco son muy impredecibles.",Mantener estándares actuales de rendimiento,Necesita Mejora,83
1621,46.19217828551146,2.7407985497200236,1860.9391873378365,"['Z:', 'C:', 'avg']",24,40.0,3.0,22.0,21.6,"**Uso HDD Regular (40.0pts)**: El uso del 46.2% sugiere que el disco podría estar sobrecargado. | **Estabilidad HDD Crítica (3.0pts)**: El uso del disco es muy inestable, requiriendo atención inmediata. | **Cambios HDD Caóticos (22.0pts)**: Los cambios en el uso del disco son muy impredecibles.",Mantener estándares actuales de rendimiento,Necesita Mejora,84
1622,46.82798627482118,2.7216273216367806,1871.2989125694185,"['Z:', 'C:', 'avg']",24,39.0,4.0,21.0,21.400000000000002,"**Uso HDD Crítico (39.0pts)**: El uso del 46.8% indica problemas graves de espacio en disco. | **Estabilidad HDD Crítica (4.0pts)**: El uso del disco es muy inestable, requiriendo atención inmediata. | **Cambios HDD Caóticos (21.0pts)**: Los cambios en el uso del disco son muy impredecibles.",Mantener estándares actuales de rendimiento,Necesita Mejora,85
1625,49.905162259984735,1.8369767930200898,8393.484587541714,"['Z:', 'C:', 'avg']",24,33.0,16.0,9.0,21.400000000000002,"**Uso HDD Crítico (33.0pts)**: El uso del 49.9% indica problemas graves de espacio en disco. | **Estabilidad HDD Crítica (16.0pts)**: El uso del disco es muy inestable, requiriendo atención inmediata. | **Cambios HDD Caóticos (9.0pts)**: Los cambios en el uso del disco son muy impredecibles.",Mantener estándares actuales de rendimiento,Necesita Mejora,86
1624,49.88144663737859,1.856452463887159,8503.422960248328,"['Z:', 'C:', 'avg']",24,34.0,15.0,8.0,21.200000000000003,"**Uso HDD Crítico (34.0pts)**: El uso del 49.9% indica problemas graves de espacio en disco. | **Estabilidad HDD Crítica (15.0pts)**: El uso del disco es muy inestable, requiriendo atención inmediata. | **Cambios HDD Caóticos (8.0pts)**: Los cambios en el uso del disco son muy impredecibles.",Mantener estándares actuales de rendimiento,Necesita Mejora,87
1619,50.97451385704716,1.6642214208508974,7415.226130252212,"['Z:', 'C:', 'avg']",24,28.0,19.0,12.0,21.200000000000003,"**Uso HDD Crítico (28.0pts)**: El uso del 51.0% indica problemas graves de espacio en disco. | **Estabilidad HDD Crítica (19.0pts)**: El uso del disco es muy inestable, requiriendo atención inmediata. | **Cambios HDD Caóticos (12.0pts)**: Los cambios en el uso del disco son muy impredecibles.",Mantener estándares actuales de rendimiento,Necesita Mejora,88
1633,56.71627761925553,0.36053705406055575,8067.773513636187,"['Z:', 'C:', 'avg']",24,11.0,36.0,10.0,20.8,"**Uso HDD Crítico (11.0pts)**: El uso del 56.7% indica problemas graves de espacio en disco. | **Estabilidad HDD Crítica (36.0pts)**: El uso del disco es muy inestable, requiriendo atención inmediata. | **Cambios HDD Caóticos (10.0pts)**: Los cambios en el uso del disco son muy impredecibles.",Mantener estándares actuales de rendimiento,Necesita Mejora,89
127,75.63270960568438,0.7482337111178123,85.41630911181528,"['C:', 'E:', 'D:', 'avg']",32,1.0,26.0,49.0,20.6,"**Uso HDD Crítico (1.0pts)**: El uso del 75.6% indica problemas graves de espacio en disco. | **Estabilidad HDD Crítica (26.0pts)**: El uso del disco es muy inestable, requiriendo atención inmediata. | **Cambios HDD Variables (49.0pts)**: Los cambios en el uso del disco son impredecibles.",Mantener estándares actuales de rendimiento,Necesita Mejora,90
1618,52.0459278340013,1.2596089140544648,3199.0874427927597,"['Z:', 'C:', 'avg']",24,21.0,20.0,16.0,19.599999999999998,"**Uso HDD Crítico (21.0pts)**: El uso del 52.0% indica problemas graves de espacio en disco. | **Estabilidad HDD Crítica (20.0pts)**: El uso del disco es muy inestable, requiriendo atención inmediata. | **Cambios HDD Caóticos (16.0pts)**: Los cambios en el uso del disco son muy impredecibles.",Mantener estándares actuales de rendimiento,Necesita Mejora,91
1612,52.42999291858425,2.077829119203465,424.0255052537109,"['Z:', 'C:', 'avg']",24,18.0,12.0,29.0,17.8,"**Uso HDD Crítico (18.0pts)**: El uso del 52.4% indica problemas graves de espacio en disco. | **Estabilidad HDD Crítica (12.0pts)**: El uso del disco es muy inestable, requiriendo atención inmediata. | **Cambios HDD Caóticos (29.0pts)**: Los cambios en el uso del disco son muy impredecibles.",Mantener estándares actuales de rendimiento,Necesita Mejora,92
30,61.98620992344607,0.8856259662819155,657.8992593652065,"['C:', 'E:', 'D:', 'avg']",32,7.0,23.0,25.0,17.0,"**Uso HDD Crítico (7.0pts)**: El uso del 62.0% indica problemas graves de espacio en disco. | **Estabilidad HDD Crítica (23.0pts)**: El uso del disco es muy inestable, requiriendo atención inmediata. | **Cambios HDD Caóticos (25.0pts)**: Los cambios en el uso del disco son muy impredecibles.",Mantener estándares actuales de rendimiento,Necesita Mejora,93
1617,50.19754821530154,2.2439976297655466,10378.294994727277,"['Z:', 'C:', 'avg']",24,31.0,9.0,4.0,16.8,"**Uso HDD Crítico (31.0pts)**: El uso del 50.2% indica problemas graves de espacio en disco. | **Estabilidad HDD Crítica (9.0pts)**: El uso del disco es muy inestable, requiriendo atención inmediata. | **Cambios HDD Caóticos (4.0pts)**: Los cambios en el uso del disco son muy impredecibles.",Mantener estándares actuales de rendimiento,Necesita Mejora,94
62,48.250073483629045,12.09940632464696,18755.452238320664,"['G:', 'C:', 'avg', 'E:', 'D:']",40,36.0,2.0,2.0,15.600000000000001,"**Uso HDD Crítico (36.0pts)**: El uso del 48.3% indica problemas graves de espacio en disco. | **Estabilidad HDD Crítica (2.0pts)**: El uso del disco es muy inestable, requiriendo atención inmediata. | **Cambios HDD Caóticos (2.0pts)**: Los cambios en el uso del disco son muy impredecibles.",Mantener estándares actuales de rendimiento,Necesita Mejora,95
88,65.75101810403886,0.874066730367247,2011.5970873034316,"['C:', 'E:', 'D:', 'avg']",32,5.0,24.0,19.0,15.400000000000002,"**Uso HDD Crítico (5.0pts)**: El uso del 65.8% indica problemas graves de espacio en disco. | **Estabilidad HDD Crítica (24.0pts)**: El uso del disco es muy inestable, requiriendo atención inmediata. | **Cambios HDD Caóticos (19.0pts)**: Los cambios en el uso del disco son muy impredecibles.",Mantener estándares actuales de rendimiento,Necesita Mejora,96
1623,57.832215347319504,2.046776579535773,1871.409844539911,"['Z:', 'C:', 'avg']",24,10.0,13.0,20.0,13.2,"**Uso HDD Crítico (10.0pts)**: El uso del 57.8% indica problemas graves de espacio en disco. | **Estabilidad HDD Crítica (13.0pts)**: El uso del disco es muy inestable, requiriendo atención inmediata. | **Cambios HDD Caóticos (20.0pts)**: Los cambios en el uso del disco son muy impredecibles.",Mantener estándares actuales de rendimiento,Necesita Mejora,97
1611,52.437972903530806,2.169922350982897,9804.974843120015,"['Z:', 'C:', 'avg']",24,17.0,11.0,5.0,12.200000000000001,"**Uso HDD Crítico (17.0pts)**: El uso del 52.4% indica problemas graves de espacio en disco. | **Estabilidad HDD Crítica (11.0pts)**: El uso del disco es muy inestable, requiriendo atención inmediata. | **Cambios HDD Caóticos (5.0pts)**: Los cambios en el uso del disco son muy impredecibles.",Mantener estándares actuales de rendimiento,Necesita Mejora,98
1613,54.35503875614821,2.214564084350488,10831.521114711117,"['Z:', 'C:', 'avg']",24,12.0,10.0,3.0,9.4,"**Uso HDD Crítico (12.0pts)**: El uso del 54.4% indica problemas graves de espacio en disco. | **Estabilidad HDD Crítica (10.0pts)**: El uso del disco es muy inestable, requiriendo atención inmediata. | **Cambios HDD Caóticos (3.0pts)**: Los cambios en el uso del disco son muy impredecibles.",Mantener estándares actuales de rendimiento,Necesita Mejora,99
124,72.43422639047128,20.58114268251731,51254.12564917006,"['C:', 'E:', 'D:', 'avg']",32,2.0,1.0,1.0,1.4000000000000001,"**Uso HDD Crítico (2.0pts)**: El uso del 72.4% indica problemas graves de espacio en disco. | **Estabilidad HDD Crítica (1.0pts)**: El uso del disco es muy inestable, requiriendo atención inmediata. | **Cambios HDD Caóticos (1.0pts)**: Los cambios en el uso del disco son muy impredecibles.",Mantener estándares actuales de rendimiento,Necesita Mejora,100
